{
    "4/4 - left.pcd": {
        "poles": {
            "0": {
                "0": {
                    "start": {
                        "x": 130,
                        "y": 30
                    },
                    "end": {
                        "x": 133,
                        "y": 284
                    },
                    "length": 254.01771591761076
                }
            },
            "1": {
                "0": {
                    "start": {
                        "x": 0,
                        "y": 30
                    },
                    "end": {
                        "x": 1,
                        "y": 168
                    },
                    "length": 138.00362314084367
                },
                "1": {
                    "start": {
                        "x": 135,
                        "y": 169
                    },
                    "end": {
                        "x": 135,
                        "y": 281
                    },
                    "length": 112.0
                }
            }
        },
        "boards": {
            "0": {}
        }
    },
    "4/4 - middle.pcd": {
        "poles": {
            "0": {
                "0": {
                    "start": {
                        "x": 134,
                        "y": 30
                    },
                    "end": {
                        "x": 137,
                        "y": 285
                    },
                    "length": 255.01764644824092
                }
            },
            "1": {
                "0": {
                    "start": {
                        "x": 2,
                        "y": 30
                    },
                    "end": {
                        "x": 5,
                        "y": 285
                    },
                    "length": 255.01764644824092
                }
            }
        },
        "boards": {
            "0": {}
        }
    },
    "4/4 - right.pcd": {
        "poles": {
            "0": {
                "0": {
                    "start": {
                        "x": 134,
                        "y": 30
                    },
                    "end": {
                        "x": 136,
                        "y": 280
                    },
                    "length": 250.0079998720041
                }
            },
            "1": {
                "0": {
                    "start": {
                        "x": 3,
                        "y": 30
                    },
                    "end": {
                        "x": 5,
                        "y": 280
                    },
                    "length": 250.0079998720041
                }
            }
        },
        "boards": {
            "0": {}
        }
    }
}