{
    "2/2 - compliant.pcd": {
        "poles": {
            "0": {
                "0": {
                    "start": {
                        "x": 10,
                        "y": 0
                    },
                    "end": {
                        "x": 11,
                        "y": 119
                    },
                    "length": 119.00420160649792
                }
            },
            "1": {
                "0": {
                    "start": {
                        "x": 301,
                        "y": 1
                    },
                    "end": {
                        "x": 302,
                        "y": 119
                    },
                    "length": 118.00423721205946
                }
            },
            "2": {
                "0": {
                    "start": {
                        "x": 164,
                        "y": 3
                    },
                    "end": {
                        "x": 167,
                        "y": 119
                    },
                    "length": 116.03878661895772
                }
            }
        },
        "boards": {
            "0": {
                "0": {
                    "start": {
                        "x": 0,
                        "y": 54
                    },
                    "end": {
                        "x": 488,
                        "y": 59
                    },
                    "length": 488.02561408188404
                }
            },
            "1": {
                "0": {
                    "start": {
                        "x": 0,
                        "y": 106
                    },
                    "end": {
                        "x": 488,
                        "y": 111
                    },
                    "length": 488.02561408188404
                }
            },
            "2": {
                "0": {
                    "start": {
                        "x": 0,
                        "y": 6
                    },
                    "end": {
                        "x": 488,
                        "y": 10
                    },
                    "length": 488.01639316727875
                }
            }
        }
    },
    "2/2 - faulty.pcd": {
        "poles": {
            "0": {
                "0": {
                    "start": {
                        "x": 456,
                        "y": 0
                    },
                    "end": {
                        "x": 458,
                        "y": 110
                    },
                    "length": 110.01818031580054
                }
            },
            "1": {
                "0": {
                    "start": {
                        "x": 160,
                        "y": 0
                    },
                    "end": {
                        "x": 161,
                        "y": 109
                    },
                    "length": 109.00458705944443
                }
            },
            "2": {
                "0": {
                    "start": {
                        "x": 294,
                        "y": 0
                    },
                    "end": {
                        "x": 296,
                        "y": 110
                    },
                    "length": 110.01818031580054
                }
            },
            "3": {
                "0": {
                    "start": {
                        "x": 6,
                        "y": 0
                    },
                    "end": {
                        "x": 7,
                        "y": 109
                    },
                    "length": 109.00458705944443
                }
            }
        },
        "boards": {
            "0": {
                "0": {
                    "start": {
                        "x": 0,
                        "y": 31
                    },
                    "end": {
                        "x": 486,
                        "y": 43
                    },
                    "length": 486.1481255749116
                }
            },
            "1": {
                "0": {
                    "start": {
                        "x": 1,
                        "y": 87
                    },
                    "end": {
                        "x": 486,
                        "y": 99
                    },
                    "length": 485.14843089512306
                }
            }
        }
    },
    "2/scen22.pcd": {
        "poles": {
            "0": {},
            "1": {},
            "2": {},
            "3": {
                "1": {
                    "start": {
                        "x": 140,
                        "y": 17
                    },
                    "end": {
                        "x": 8,
                        "y": 17
                    },
                    "length": 132.0
                }
            }
        },
        "boards": {
            "0": {
                "0": {
                    "start": {
                        "x": 0,
                        "y": 10
                    },
                    "end": {
                        "x": 139,
                        "y": 11
                    },
                    "length": 139.00359707575916
                }
            }
        }
    }
}