{
    "3/3 - left.pcd": {
        "poles": {
            "0": {
                "0": {
                    "start": {
                        "x": 136,
                        "y": 52
                    },
                    "end": {
                        "x": 138,
                        "y": 282
                    },
                    "length": 230.00869548780108
                }
            },
            "1": {
                "0": {
                    "start": {
                        "x": 4,
                        "y": 52
                    },
                    "end": {
                        "x": 7,
                        "y": 282
                    },
                    "length": 230.0195643852931
                }
            }
        },
        "boards": {
            "0": {
                "0": {
                    "start": {
                        "x": 0,
                        "y": 88
                    },
                    "end": {
                        "x": 143,
                        "y": 92
                    },
                    "length": 143.05593311708537
                }
            }
        }
    },
    "3/3 - left_top_cut.pcd": {
        "poles": {
            "0": {
                "0": {
                    "start": {
                        "x": 7,
                        "y": 52
                    },
                    "end": {
                        "x": 9,
                        "y": 109
                    },
                    "length": 57.0350769263968
                }
            },
            "1": {
                "0": {
                    "start": {
                        "x": 137,
                        "y": 52
                    },
                    "end": {
                        "x": 138,
                        "y": 109
                    },
                    "length": 57.0087712549569
                }
            }
        },
        "boards": {
            "0": {
                "0": {
                    "start": {
                        "x": 0,
                        "y": 88
                    },
                    "end": {
                        "x": 143,
                        "y": 92
                    },
                    "length": 143.05593311708537
                }
            }
        }
    },
    "3/3 - right.pcd": {
        "poles": {
            "0": {
                "0": {
                    "start": {
                        "x": 130,
                        "y": 48
                    },
                    "end": {
                        "x": 133,
                        "y": 288
                    },
                    "length": 240.01874926763534
                }
            },
            "1": {
                "0": {
                    "start": {
                        "x": 1,
                        "y": 48
                    },
                    "end": {
                        "x": 4,
                        "y": 288
                    },
                    "length": 240.01874926763534
                }
            }
        },
        "boards": {
            "0": {
                "0": {
                    "start": {
                        "x": 0,
                        "y": 86
                    },
                    "end": {
                        "x": 137,
                        "y": 88
                    },
                    "length": 137.01459776242822
                }
            }
        }
    }
}