{
    "6/6_compliant_inside.pcd": {
        "poles": {
            "0": {
                "0": {
                    "start": {
                        "x": 5,
                        "y": 0
                    },
                    "end": {
                        "x": 7,
                        "y": 173
                    },
                    "length": 173.0115603073968
                }
            },
            "1": {
                "0": {
                    "start": {
                        "x": 166,
                        "y": 0
                    },
                    "end": {
                        "x": 168,
                        "y": 172
                    },
                    "length": 172.01162751395617
                }
            }
        },
        "boards": {
            "0": {
                "0": {
                    "start": {
                        "x": 1,
                        "y": 95
                    },
                    "end": {
                        "x": 175,
                        "y": 96
                    },
                    "length": 174.0028735394907
                }
            },
            "1": {
                "0": {
                    "start": {
                        "x": 0,
                        "y": 40
                    },
                    "end": {
                        "x": 175,
                        "y": 41
                    },
                    "length": 175.0028571195339
                }
            },
            "2": {
                "0": {
                    "start": {
                        "x": 0,
                        "y": 3
                    },
                    "end": {
                        "x": 176,
                        "y": 5
                    },
                    "length": 176.0113632695344
                }
            }
        }
    },
    "6/6_compliant_outside.pcd": {
        "poles": {
            "0": {
                "0": {
                    "start": {
                        "x": 1,
                        "y": 0
                    },
                    "end": {
                        "x": 3,
                        "y": 215
                    },
                    "length": 215.00930212434997
                }
            },
            "1": {
                "0": {
                    "start": {
                        "x": 152,
                        "y": 0
                    },
                    "end": {
                        "x": 159,
                        "y": 215
                    },
                    "length": 215.11392330576837
                }
            }
        },
        "boards": {
            "0": {
                "0": {
                    "start": {
                        "x": 1,
                        "y": 96
                    },
                    "end": {
                        "x": 160,
                        "y": 97
                    },
                    "length": 159.00314462299164
                }
            },
            "1": {
                "0": {
                    "start": {
                        "x": 0,
                        "y": 42
                    },
                    "end": {
                        "x": 160,
                        "y": 43
                    },
                    "length": 160.00312496948303
                }
            },
            "2": {
                "0": {
                    "start": {
                        "x": 0,
                        "y": 5
                    },
                    "end": {
                        "x": 160,
                        "y": 6
                    },
                    "length": 160.00312496948303
                }
            }
        }
    },
    "6/6_faulty_inside.pcd": {
        "poles": {
            "0": {
                "0": {
                    "start": {
                        "x": 159,
                        "y": 0
                    },
                    "end": {
                        "x": 161,
                        "y": 205
                    },
                    "length": 205.00975586542216
                }
            },
            "1": {
                "0": {
                    "start": {
                        "x": 4,
                        "y": 0
                    },
                    "end": {
                        "x": 7,
                        "y": 206
                    },
                    "length": 206.0218435020908
                }
            }
        },
        "boards": {
            "0": {
                "0": {
                    "start": {
                        "x": 1,
                        "y": 94
                    },
                    "end": {
                        "x": 164,
                        "y": 95
                    },
                    "length": 163.00306745579974
                }
            },
            "1": {
                "0": {
                    "start": {
                        "x": 0,
                        "y": 4
                    },
                    "end": {
                        "x": 164,
                        "y": 5
                    },
                    "length": 164.00304875214974
                }
            }
        }
    },
    "6/6_faulty_outside.pcd": {
        "poles": {
            "0": {
                "0": {
                    "start": {
                        "x": 2,
                        "y": 0
                    },
                    "end": {
                        "x": 8,
                        "y": 216
                    },
                    "length": 216.08331726442927
                }
            },
            "1": {
                "0": {
                    "start": {
                        "x": 161,
                        "y": 0
                    },
                    "end": {
                        "x": 163,
                        "y": 215
                    },
                    "length": 215.00930212434997
                }
            }
        },
        "boards": {
            "0": {
                "0": {
                    "start": {
                        "x": 0,
                        "y": 95
                    },
                    "end": {
                        "x": 171,
                        "y": 97
                    },
                    "length": 171.011695506477
                }
            },
            "1": {
                "0": {
                    "start": {
                        "x": 0,
                        "y": 4
                    },
                    "end": {
                        "x": 171,
                        "y": 6
                    },
                    "length": 171.011695506477
                }
            }
        }
    }
}