{
    "1/1 - faulty.pcd": {
        "poles": {
            "0": {
                "0": {
                    "start": {
                        "x": 248,
                        "y": 0
                    },
                    "end": {
                        "x": 255,
                        "y": 108
                    },
                    "length": 108.2266141020775
                }
            },
            "1": {
                "0": {
                    "start": {
                        "x": 50,
                        "y": 0
                    },
                    "end": {
                        "x": 63,
                        "y": 108
                    },
                    "length": 108.77959367454909
                }
            },
            "2": {
                "0": {
                    "start": {
                        "x": 578,
                        "y": 0
                    },
                    "end": {
                        "x": 583,
                        "y": 108
                    },
                    "length": 108.11567878897121
                }
            }
        },
        "boards": {
            "0": {
                "0": {
                    "start": {
                        "x": 1,
                        "y": 91
                    },
                    "end": {
                        "x": 621,
                        "y": 96
                    },
                    "length": 620.0201609625287
                }
            },
            "1": {
                "0": {
                    "start": {
                        "x": 0,
                        "y": 43
                    },
                    "end": {
                        "x": 621,
                        "y": 49
                    },
                    "length": 621.028984830821
                }
            }
        }
    }
}